{"mean":{"confidence_interval":{"confidence_level":0.95,"lower_bound":1.6503780116457956,"upper_bound":1.6994603658387195},"point_estimate":1.6711284367907249,"standard_error":0.013151738248771562},"median":{"confidence_interval":{"confidence_level":0.95,"lower_bound":1.6377251124720948,"upper_bound":1.6409909053686218},"point_estimate":1.640255122095048,"standard_error":0.0009136245041414157}}